date,location,pm2.5,pm10,temperature,predicted_aqi
2023-01-01,Istanbul,29.05,58.73,15.4,40.71
2023-01-01,Ankara,24.74,83.86,26.4,50.63
2023-01-01,Izmir,23.9,76.91,27.8,39.67
2023-01-01,Bursa,43.67,49.58,30.6,36.5
2023-01-02,Istanbul,28.4,76.31,23.9,46.89
2023-01-02,Ankara,30.52,59.17,6.0,43.29
2023-01-02,Izmir,47.47,56.39,11.4,50.74
2023-01-02,Bursa,43.34,65.85,9.3,62.33
2023-01-03,Istanbul,43.43,53.22,19.1,49.74
2023-01-03,Ankara,57.37,46.26,20.3,40.54
2023-01-03,Izmir,53.24,106.09,7.4,68.57
2023-01-03,Bursa,52.48,56.64,11.0,50.17
2023-01-04,Istanbul,54.22,73.83,15.6,59.69
2023-01-04,Ankara,20.3,72.58,6.7,39.3
2023-01-04,Izmir,33.19,44.65,16.4,37.51
2023-01-04,Bursa,25.41,72.05,8.8,39.61
2023-01-05,Istanbul,41.57,63.21,11.8,49.18
2023-01-05,Ankara,47.9,66.3,6.6,55.57
2023-01-05,Izmir,30.58,75.76,22.8,49.15
2023-01-05,Bursa,40.82,80.82,34.4,43.53
2023-01-06,Istanbul,50.34,78.81,17.9,55.97
2023-01-06,Ankara,31.99,83.67,20.5,47.76
2023-01-06,Izmir,47.97,49.24,24.9,44.47
2023-01-06,Bursa,33.1,53.58,18.9,48.2
2023-01-07,Istanbul,34.01,57.97,18.7,43.41
2023-01-07,Ankara,30.21,68.02,20.6,41.7
2023-01-07,Izmir,35.62,94.35,5.9,47.02
2023-01-07,Bursa,40.84,89.48,13.6,56.25
2023-01-08,Istanbul,39.67,87.06,29.7,40.0
2023-01-08,Ankara,39.23,65.6,25.6,39.96
2023-01-08,Izmir,29.63,76.78,12.7,45.11
2023-01-08,Bursa,49.42,80.93,17.5,53.52
2023-01-09,Istanbul,35.69,40.75,27.3,33.08
2023-01-09,Ankara,15.19,21.5,26.9,23.58
2023-01-09,Izmir,47.22,48.62,20.4,55.17
2023-01-09,Bursa,46.53,77.1,20.4,46.64
2023-01-10,Istanbul,35.63,85.85,10.8,47.48
2023-01-10,Ankara,43.52,74.04,33.6,42.35
2023-01-10,Izmir,25.77,76.01,23.6,40.51
2023-01-10,Bursa,38.96,58.48,30.7,37.13
2023-01-11,Istanbul,39.76,66.93,29.9,52.78
2023-01-11,Ankara,32.54,57.58,33.2,22.8
2023-01-11,Izmir,34.51,89.43,32.4,45.73
2023-01-11,Bursa,35.74,79.83,15.0,43.32
2023-01-12,Istanbul,40.78,77.77,18.0,53.13
2023-01-12,Ankara,30.24,55.3,8.4,43.42
2023-01-12,Izmir,38.45,79.23,19.3,48.47
2023-01-12,Bursa,34.39,48.75,6.5,39.69
2023-01-13,Istanbul,18.69,51.19,14.0,34.1
2023-01-13,Ankara,30.95,93.53,29.5,54.75
2023-01-13,Izmir,39.73,76.09,29.9,46.09
2023-01-13,Bursa,35.89,75.82,33.1,50.61
2023-01-14,Istanbul,17.73,61.1,29.8,32.16
2023-01-14,Ankara,32.64,88.51,34.5,51.32
2023-01-14,Izmir,26.32,80.26,26.8,43.23
2023-01-14,Bursa,28.72,103.23,29.6,59.07
2023-01-15,Istanbul,39.0,70.93,11.6,41.02
2023-01-15,Ankara,28.38,81.59,11.3,51.62
2023-01-15,Izmir,7.47,79.4,11.6,41.91
2023-01-15,Bursa,15.41,52.66,33.9,24.08
2023-01-16,Istanbul,42.75,79.51,31.0,54.17
2023-01-16,Ankara,26.11,76.17,26.2,43.44
2023-01-16,Izmir,59.88,90.66,31.5,63.62
2023-01-16,Bursa,39.09,100.35,30.0,55.27
2023-01-17,Istanbul,39.36,55.5,24.8,42.43
2023-01-17,Ankara,40.53,72.7,24.3,45.51
2023-01-17,Izmir,41.9,77.22,32.1,52.69
2023-01-17,Bursa,5.12,75.5,15.0,21.55
2023-01-18,Istanbul,26.83,81.95,27.5,31.87
2023-01-18,Ankara,37.79,64.35,21.5,44.38
2023-01-18,Izmir,50.93,51.89,30.3,34.11
2023-01-18,Bursa,43.01,60.75,25.0,53.16
2023-01-19,Istanbul,34.04,62.85,31.4,31.56
2023-01-19,Ankara,45.62,53.56,22.8,45.84
2023-01-19,Izmir,39.3,53.79,25.9,45.2
2023-01-19,Bursa,21.8,66.78,21.0,36.16
2023-01-20,Istanbul,18.86,76.9,14.3,37.38
2023-01-20,Ankara,35.45,63.77,13.0,39.45
2023-01-20,Izmir,34.44,79.83,28.2,44.81
2023-01-20,Bursa,40.18,101.56,12.7,59.55
2023-01-21,Istanbul,53.09,127.26,29.3,78.93
2023-01-21,Ankara,36.18,57.68,30.7,42.53
2023-01-21,Izmir,33.57,36.36,28.2,25.16
2023-01-21,Bursa,49.61,87.5,7.8,56.2
2023-01-22,Istanbul,61.77,58.99,9.3,59.25
2023-01-22,Ankara,31.12,28.17,28.0,32.61
2023-01-22,Izmir,41.8,64.56,15.3,51.23
2023-01-22,Bursa,28.91,47.39,26.2,32.22
2023-01-23,Istanbul,38.89,44.53,12.4,49.45
2023-01-23,Ankara,27.23,61.04,15.9,47.13
2023-01-23,Izmir,44.78,53.5,16.6,49.16
2023-01-23,Bursa,31.47,61.97,22.3,45.85
2023-01-24,Istanbul,40.52,61.34,10.1,51.32
2023-01-24,Ankara,39.75,67.85,21.8,55.41
2023-01-24,Izmir,44.16,96.93,29.2,54.07
2023-01-24,Bursa,50.66,93.65,25.4,60.16
2023-01-25,Istanbul,24.94,51.85,19.0,31.25
2023-01-25,Ankara,43.67,63.51,27.7,47.46
2023-01-25,Izmir,24.11,84.59,18.9,39.61
2023-01-25,Bursa,40.65,39.45,7.6,40.63
2023-01-26,Istanbul,36.8,60.94,13.8,48.81
2023-01-26,Ankara,27.3,77.74,6.5,49.67
2023-01-26,Izmir,42.83,76.67,16.3,47.12
2023-01-26,Bursa,34.2,88.67,16.1,55.72
2023-01-27,Istanbul,39.62,80.04,32.2,45.83
2023-01-27,Ankara,46.03,84.35,8.9,56.56
2023-01-27,Izmir,22.26,103.58,32.5,45.53
2023-01-27,Bursa,40.24,63.0,27.3,45.78
2023-01-28,Istanbul,27.55,49.73,17.3,34.21
2023-01-28,Ankara,19.06,61.5,8.9,35.09
2023-01-28,Izmir,6.05,43.88,9.4,18.99
2023-01-28,Bursa,35.07,84.04,26.3,48.91
2023-01-29,Istanbul,57.73,51.62,8.3,55.44
2023-01-29,Ankara,40.31,59.49,7.4,44.09
2023-01-29,Izmir,34.38,103.05,15.0,53.28
2023-01-29,Bursa,35.92,62.56,19.3,46.24
2023-01-30,Istanbul,37.06,67.89,21.9,47.7
2023-01-30,Ankara,27.41,62.27,30.8,36.2
2023-01-30,Izmir,51.97,72.63,13.5,59.81
2023-01-30,Bursa,31.79,48.31,34.4,29.54
2023-01-31,Istanbul,21.3,20.25,17.2,28.22
2023-01-31,Ankara,37.2,40.47,8.1,43.27
2023-01-31,Izmir,27.88,53.8,34.4,33.15
2023-01-31,Bursa,30.04,70.14,10.2,44.1
2023-02-01,Istanbul,28.98,68.73,14.5,47.01
2023-02-01,Ankara,34.86,77.69,9.4,49.73
2023-02-01,Izmir,36.56,127.59,14.9,67.55
2023-02-01,Bursa,57.99,97.33,21.7,64.82
2023-02-02,Istanbul,51.63,60.74,7.5,54.1
2023-02-02,Ankara,36.77,37.42,22.7,36.06
2023-02-02,Izmir,13.85,68.96,34.0,35.53
2023-02-02,Bursa,46.76,117.94,34.5,59.16
2023-02-03,Istanbul,53.69,52.29,17.4,47.75
2023-02-03,Ankara,37.28,63.58,8.7,39.6
2023-02-03,Izmir,35.36,62.83,22.5,37.54
2023-02-03,Bursa,34.85,60.15,11.4,46.71
2023-02-04,Istanbul,27.97,89.12,16.5,48.26
2023-02-04,Ankara,38.43,55.95,24.9,37.87
2023-02-04,Izmir,14.82,73.07,25.8,37.39
2023-02-04,Bursa,44.74,112.31,7.7,57.99
2023-02-05,Istanbul,35.07,69.98,26.3,41.16
2023-02-05,Ankara,49.13,73.13,26.1,53.12
2023-02-05,Izmir,29.8,56.49,23.2,39.38
2023-02-05,Bursa,45.74,83.36,19.3,47.12
2023-02-06,Istanbul,37.04,65.41,9.5,38.03
2023-02-06,Ankara,17.71,65.63,12.2,33.7
2023-02-06,Izmir,37.22,81.32,19.6,51.46
2023-02-06,Bursa,31.35,64.21,8.5,41.82
2023-02-07,Istanbul,22.46,62.58,25.6,29.47
2023-02-07,Ankara,39.94,65.87,14.5,37.76
2023-02-07,Izmir,39.86,77.31,17.1,45.9
2023-02-07,Bursa,38.4,70.32,20.8,40.9
2023-02-08,Istanbul,29.15,58.26,13.6,36.33
2023-02-08,Ankara,46.72,81.47,9.6,55.04
2023-02-08,Izmir,32.85,79.78,29.2,47.1
2023-02-08,Bursa,18.28,74.76,15.0,39.7
2023-02-09,Istanbul,44.35,78.94,8.0,58.68
2023-02-09,Ankara,26.95,71.77,19.2,49.49
2023-02-09,Izmir,46.16,66.76,7.9,54.76
2023-02-09,Bursa,41.83,57.21,6.2,33.67
2023-02-10,Istanbul,41.91,58.93,23.4,47.22
2023-02-10,Ankara,41.35,44.78,13.6,44.25
2023-02-10,Izmir,23.7,44.34,15.7,36.02
2023-02-10,Bursa,29.4,41.67,27.7,27.59
2023-02-11,Istanbul,50.77,81.55,26.5,51.36
2023-02-11,Ankara,39.94,76.39,11.3,41.45
2023-02-11,Izmir,32.68,64.0,7.2,38.74
2023-02-11,Bursa,20.79,61.95,32.2,32.41
2023-02-12,Istanbul,26.35,83.2,8.5,38.94
2023-02-12,Ankara,35.98,60.77,18.2,31.01
2023-02-12,Izmir,49.83,103.51,32.4,60.82
2023-02-12,Bursa,28.79,41.39,16.9,28.25
2023-02-13,Istanbul,39.75,70.05,24.8,49.18
2023-02-13,Ankara,39.6,52.21,17.1,40.01
2023-02-13,Izmir,40.1,57.72,17.9,33.95
2023-02-13,Bursa,33.72,46.66,30.6,36.32
2023-02-14,Istanbul,25.47,47.36,5.5,31.71
2023-02-14,Ankara,32.31,74.3,6.1,57.69
2023-02-14,Izmir,32.68,87.76,7.1,52.18
2023-02-14,Bursa,31.79,49.2,21.5,28.92
2023-02-15,Istanbul,21.89,41.52,9.6,40.15
2023-02-15,Ankara,17.03,60.49,16.9,30.59
2023-02-15,Izmir,27.33,82.41,8.8,51.31
2023-02-15,Bursa,23.66,86.12,17.2,44.78
2023-02-16,Istanbul,39.84,114.4,34.4,57.81
2023-02-16,Ankara,49.0,33.64,7.3,43.52
2023-02-16,Izmir,42.43,88.43,15.5,54.71
2023-02-16,Bursa,25.19,68.51,8.8,46.63
2023-02-17,Istanbul,30.05,62.79,27.6,31.78
2023-02-17,Ankara,33.32,102.86,21.2,47.06
2023-02-17,Izmir,20.75,87.97,24.3,41.8
2023-02-17,Bursa,35.15,84.76,11.4,55.76
2023-02-18,Istanbul,26.76,100.02,23.6,43.09
2023-02-18,Ankara,35.79,54.74,10.7,42.75
2023-02-18,Izmir,45.72,82.33,16.9,60.32
2023-02-18,Bursa,8.87,83.18,15.2,39.66
2023-02-19,Istanbul,34.8,74.69,34.6,44.06
2023-02-19,Ankara,36.45,92.71,22.0,54.45
2023-02-19,Izmir,30.56,40.31,34.3,22.0
2023-02-19,Bursa,35.17,45.76,20.2,37.86
2023-02-20,Istanbul,20.83,65.84,8.7,43.58
2023-02-20,Ankara,37.73,71.54,33.1,48.58
2023-02-20,Izmir,30.36,50.25,7.4,42.6
2023-02-20,Bursa,44.02,74.96,23.1,50.59
2023-02-21,Istanbul,37.73,79.35,15.9,57.22
2023-02-21,Ankara,27.02,71.09,14.5,46.11
2023-02-21,Izmir,34.95,61.44,32.6,36.67
2023-02-21,Bursa,49.99,48.95,24.2,40.25
2023-02-22,Istanbul,47.27,72.6,28.2,42.68
2023-02-22,Ankara,31.78,79.77,17.8,45.8
2023-02-22,Izmir,32.56,52.84,30.0,35.61
2023-02-22,Bursa,35.62,42.63,10.8,47.02
2023-02-23,Istanbul,34.89,36.19,6.7,40.95
2023-02-23,Ankara,34.97,99.28,14.0,52.34
2023-02-23,Izmir,56.34,85.61,17.4,57.66
2023-02-23,Bursa,40.15,83.9,25.0,59.8
2023-02-24,Istanbul,36.92,68.69,28.4,49.63
2023-02-24,Ankara,56.58,80.87,27.9,50.38
2023-02-24,Izmir,36.26,60.03,11.6,43.72
2023-02-24,Bursa,26.45,47.99,34.1,28.05
2023-02-25,Istanbul,35.26,49.09,27.8,39.25
2023-02-25,Ankara,31.79,58.69,12.0,30.94
2023-02-25,Izmir,29.91,73.41,13.5,43.13
2023-02-25,Bursa,27.33,105.44,32.4,45.57
2023-02-26,Istanbul,54.44,69.75,24.4,44.64
2023-02-26,Ankara,29.96,82.15,25.8,46.47
2023-02-26,Izmir,33.64,86.88,28.1,47.99
2023-02-26,Bursa,34.55,49.42,13.7,39.13
2023-02-27,Istanbul,48.35,97.9,29.1,56.14
2023-02-27,Ankara,35.13,65.64,18.8,48.66
2023-02-27,Izmir,36.14,82.78,11.9,54.44
2023-02-27,Bursa,34.92,65.01,28.5,41.82
2023-02-28,Istanbul,47.66,69.83,14.3,57.67
2023-02-28,Ankara,42.55,67.56,10.5,52.39
2023-02-28,Izmir,33.08,74.62,9.7,50.03
2023-02-28,Bursa,42.53,91.4,28.2,53.38
2023-03-01,Istanbul,44.95,93.36,34.9,55.76
2023-03-01,Ankara,34.24,89.19,9.9,51.55
2023-03-01,Izmir,31.06,122.71,27.0,46.78
2023-03-01,Bursa,47.41,60.34,24.6,49.93
2023-03-02,Istanbul,38.47,53.78,29.8,34.08
2023-03-02,Ankara,33.6,80.41,8.9,39.89
2023-03-02,Izmir,47.36,49.64,33.8,43.19
2023-03-02,Bursa,31.48,65.31,26.6,43.28
2023-03-03,Istanbul,46.51,88.67,23.8,50.74
2023-03-03,Ankara,39.04,70.03,16.4,45.52
2023-03-03,Izmir,34.32,68.07,20.1,40.1
2023-03-03,Bursa,29.41,90.44,7.6,46.3
2023-03-04,Istanbul,30.28,61.38,28.5,35.74
2023-03-04,Ankara,31.6,78.91,21.6,52.28
2023-03-04,Izmir,43.25,47.55,24.6,39.36
2023-03-04,Bursa,42.19,60.08,26.0,40.59
2023-03-05,Istanbul,23.3,36.94,29.3,34.32
2023-03-05,Ankara,33.18,62.52,6.3,36.11
2023-03-05,Izmir,36.87,65.26,20.5,47.85
2023-03-05,Bursa,34.99,76.87,25.5,51.81
2023-03-06,Istanbul,33.87,61.11,31.8,42.57
2023-03-06,Ankara,38.96,99.46,14.1,56.69
2023-03-06,Izmir,37.09,62.56,5.6,41.85
2023-03-06,Bursa,19.11,53.16,14.8,38.11
2023-03-07,Istanbul,20.55,110.94,19.8,49.82
2023-03-07,Ankara,35.87,66.33,12.9,53.51
2023-03-07,Izmir,16.75,73.64,30.2,25.93
2023-03-07,Bursa,16.15,56.63,23.6,37.75
2023-03-08,Istanbul,29.66,101.27,27.7,52.67
2023-03-08,Ankara,24.47,86.67,19.4,46.65
2023-03-08,Izmir,43.87,61.01,9.1,46.86
2023-03-08,Bursa,49.1,54.02,20.9,40.24
2023-03-09,Istanbul,45.66,57.05,32.3,41.45
2023-03-09,Ankara,49.7,62.41,26.1,44.74
2023-03-09,Izmir,51.65,61.3,33.8,42.21
2023-03-09,Bursa,30.94,50.91,23.5,33.67
2023-03-10,Istanbul,45.99,87.93,16.9,53.42
2023-03-10,Ankara,25.73,36.58,9.4,40.07
2023-03-10,Izmir,41.0,51.48,34.1,37.08
2023-03-10,Bursa,36.87,79.93,21.5,48.13
2023-03-11,Istanbul,29.65,76.28,20.0,46.18
2023-03-11,Ankara,43.16,69.05,15.1,53.54
2023-03-11,Izmir,29.3,18.46,12.4,33.0
2023-03-11,Bursa,20.95,62.9,20.0,29.79
2023-03-12,Istanbul,34.16,82.06,14.8,45.74
2023-03-12,Ankara,49.73,58.12,6.9,59.05
2023-03-12,Izmir,34.93,77.58,10.6,50.8
2023-03-12,Bursa,32.94,82.56,32.8,42.91
2023-03-13,Istanbul,20.4,78.94,19.9,35.41
2023-03-13,Ankara,48.01,63.2,11.9,45.89
2023-03-13,Izmir,52.31,92.35,18.0,58.04
2023-03-13,Bursa,23.17,67.43,11.1,38.4
2023-03-14,Istanbul,38.99,74.44,7.6,52.43
2023-03-14,Ankara,33.99,106.44,16.4,54.84
2023-03-14,Izmir,52.18,45.38,28.2,42.5
2023-03-14,Bursa,27.36,70.94,21.7,40.62
2023-03-15,Istanbul,31.74,112.16,25.7,50.58
2023-03-15,Ankara,36.85,101.12,6.2,57.03
2023-03-15,Izmir,57.59,66.89,7.0,62.86
2023-03-15,Bursa,34.32,70.07,10.3,46.2
2023-03-16,Istanbul,44.9,46.49,27.0,46.67
2023-03-16,Ankara,15.96,87.74,9.9,33.17
2023-03-16,Izmir,45.5,59.83,18.4,51.1
2023-03-16,Bursa,43.61,54.38,23.9,43.16
2023-03-17,Istanbul,33.95,34.85,28.3,38.06
2023-03-17,Ankara,26.25,65.06,22.0,35.73
2023-03-17,Izmir,39.93,91.52,23.9,52.98
2023-03-17,Bursa,47.96,67.82,25.5,57.43
2023-03-18,Istanbul,9.6,57.52,6.7,38.97
2023-03-18,Ankara,37.41,91.08,7.9,50.05
2023-03-18,Izmir,32.01,87.03,7.3,55.19
2023-03-18,Bursa,40.05,96.51,25.0,47.0
2023-03-19,Istanbul,35.99,82.19,31.5,50.16
2023-03-19,Ankara,30.87,73.67,5.2,54.17
2023-03-19,Izmir,29.31,70.01,24.3,37.61
2023-03-19,Bursa,31.91,78.66,15.1,42.48
2023-03-20,Istanbul,44.05,43.4,8.1,42.02
2023-03-20,Ankara,36.01,66.1,28.0,42.89
2023-03-20,Izmir,28.74,48.35,21.4,36.93
2023-03-20,Bursa,22.23,52.91,26.1,25.76
2023-03-21,Istanbul,45.55,63.34,7.3,49.25
2023-03-21,Ankara,30.78,88.42,8.7,51.56
2023-03-21,Izmir,47.15,94.72,11.4,52.5
2023-03-21,Bursa,27.12,43.2,25.9,37.15
2023-03-22,Istanbul,35.3,28.77,26.4,30.87
2023-03-22,Ankara,20.5,69.64,22.5,27.63
2023-03-22,Izmir,35.36,59.49,9.7,43.41
2023-03-22,Bursa,41.66,53.04,7.7,34.05
2023-03-23,Istanbul,29.39,90.01,23.2,54.41
2023-03-23,Ankara,6.26,51.36,33.0,23.73
2023-03-23,Izmir,29.66,62.16,10.6,42.5
2023-03-23,Bursa,29.38,71.11,7.3,45.31
2023-03-24,Istanbul,60.7,98.53,13.9,68.35
2023-03-24,Ankara,30.0,81.35,5.4,43.67
2023-03-24,Izmir,39.47,88.98,32.8,42.06
2023-03-24,Bursa,25.51,91.01,11.4,55.58
2023-03-25,Istanbul,38.2,78.83,7.8,57.35
2023-03-25,Ankara,37.13,61.79,19.6,39.89
2023-03-25,Izmir,39.21,79.15,29.4,53.93
2023-03-25,Bursa,43.3,98.63,14.5,65.84
2023-03-26,Istanbul,32.04,64.77,23.9,26.53
2023-03-26,Ankara,32.93,42.76,32.5,29.79
2023-03-26,Izmir,30.09,72.88,9.5,43.7
2023-03-26,Bursa,36.56,74.62,20.2,43.41
2023-03-27,Istanbul,41.95,93.01,18.7,59.78
2023-03-27,Ankara,21.49,64.94,18.0,29.76
2023-03-27,Izmir,23.17,55.58,20.2,29.88
2023-03-27,Bursa,36.58,39.8,31.7,41.23
2023-03-28,Istanbul,6.11,72.88,20.5,26.49
2023-03-28,Ankara,36.7,96.81,32.4,50.52
2023-03-28,Izmir,23.67,74.4,8.0,45.82
2023-03-28,Bursa,31.53,64.11,30.6,39.16
2023-03-29,Istanbul,36.81,81.59,30.4,44.96
2023-03-29,Ankara,39.7,47.62,7.6,44.96
2023-03-29,Izmir,39.53,60.39,18.2,50.16
2023-03-29,Bursa,36.5,78.11,10.7,46.52
2023-03-30,Istanbul,37.67,71.08,27.2,53.21
2023-03-30,Ankara,19.82,67.88,6.4,46.42
2023-03-30,Izmir,49.65,76.72,21.4,51.14
2023-03-30,Bursa,43.16,56.45,29.3,48.91
2023-03-31,Istanbul,43.01,74.62,26.2,39.53
2023-03-31,Ankara,26.41,48.71,26.0,32.42
2023-03-31,Izmir,38.75,46.81,8.3,45.18
2023-03-31,Bursa,27.91,55.47,9.2,35.88
2023-04-01,Istanbul,26.29,69.38,9.1,47.26
2023-04-01,Ankara,39.53,54.79,15.0,46.94
2023-04-01,Izmir,59.21,106.19,19.8,61.7
2023-04-01,Bursa,39.41,125.3,10.1,68.6
2023-04-02,Istanbul,33.32,66.19,35.0,50.05
2023-04-02,Ankara,26.11,80.91,32.3,47.81
2023-04-02,Izmir,47.34,35.29,11.0,38.99
2023-04-02,Bursa,43.16,82.28,31.6,49.72
2023-04-03,Istanbul,25.87,44.31,19.7,33.51
2023-04-03,Ankara,44.95,83.31,12.9,44.97
2023-04-03,Izmir,15.32,68.12,28.5,25.77
2023-04-03,Bursa,28.12,51.0,19.9,33.09
2023-04-04,Istanbul,38.65,50.12,15.3,42.4
2023-04-04,Ankara,36.91,61.47,31.6,43.01
2023-04-04,Izmir,56.0,81.86,6.2,61.06
2023-04-04,Bursa,37.46,34.52,26.3,41.52
2023-04-05,Istanbul,34.32,51.8,24.6,33.88
2023-04-05,Ankara,47.11,55.37,20.9,39.45
2023-04-05,Izmir,32.09,51.86,18.0,30.8
2023-04-05,Bursa,23.46,56.54,32.5,42.96
2023-04-06,Istanbul,35.97,59.0,28.5,46.62
2023-04-06,Ankara,16.73,66.4,27.3,28.25
2023-04-06,Izmir,53.39,77.92,10.2,56.28
2023-04-06,Bursa,50.68,81.66,21.2,47.46
2023-04-07,Istanbul,37.09,75.26,33.8,38.56
2023-04-07,Ankara,35.47,54.36,29.8,41.07
2023-04-07,Izmir,51.92,71.33,32.8,57.5
2023-04-07,Bursa,33.47,88.57,5.1,55.41
2023-04-08,Istanbul,43.0,20.7,15.0,28.87
2023-04-08,Ankara,8.94,47.15,28.7,19.83
2023-04-08,Izmir,47.26,58.02,19.2,50.39
2023-04-08,Bursa,25.66,53.69,30.0,28.3
2023-04-09,Istanbul,37.16,95.95,16.5,54.54
2023-04-09,Ankara,22.28,43.9,28.1,35.26
2023-04-09,Izmir,40.17,60.27,18.3,42.98
2023-04-09,Bursa,57.54,54.51,26.5,48.47
2023-04-10,Istanbul,42.98,85.58,10.6,61.57
2023-04-10,Ankara,41.82,84.81,28.4,46.37
2023-04-10,Izmir,37.86,71.34,9.9,38.45
2023-04-10,Bursa,22.84,104.21,21.7,52.85
2023-04-11,Istanbul,50.61,89.59,30.7,45.92
2023-04-11,Ankara,35.34,52.13,27.5,38.24
2023-04-11,Izmir,39.96,54.63,20.3,33.92
2023-04-11,Bursa,35.42,99.12,13.5,52.7
2023-04-12,Istanbul,27.88,88.0,13.1,47.84
2023-04-12,Ankara,29.76,47.63,22.3,37.7
2023-04-12,Izmir,36.37,48.82,33.3,35.27
2023-04-12,Bursa,35.49,53.04,34.6,37.7
2023-04-13,Istanbul,30.61,30.89,24.9,27.51
2023-04-13,Ankara,29.39,67.33,29.5,41.03
2023-04-13,Izmir,29.69,70.71,14.6,39.85
2023-04-13,Bursa,28.63,71.84,12.4,39.91
2023-04-14,Istanbul,33.02,38.08,33.3,26.19
2023-04-14,Ankara,39.0,78.31,8.2,45.56
2023-04-14,Izmir,50.18,94.67,34.2,56.74
2023-04-14,Bursa,25.49,95.1,6.3,39.47
2023-04-15,Istanbul,26.69,66.78,33.2,35.22
2023-04-15,Ankara,46.91,70.05,20.1,54.12
2023-04-15,Izmir,30.44,76.55,5.6,51.84
2023-04-15,Bursa,32.68,91.51,25.1,51.61
2023-04-16,Istanbul,27.4,39.77,8.1,37.62
2023-04-16,Ankara,40.29,105.78,19.7,60.31
2023-04-16,Izmir,22.29,87.22,6.0,50.94
2023-04-16,Bursa,50.22,75.29,10.6,56.51
2023-04-17,Istanbul,26.54,56.84,26.8,29.14
2023-04-17,Ankara,46.15,104.02,11.0,66.15
2023-04-17,Izmir,36.5,23.84,26.8,27.38
2023-04-17,Bursa,26.68,61.37,27.4,39.93
2023-04-18,Istanbul,16.19,77.35,34.7,26.13
2023-04-18,Ankara,21.52,75.94,34.6,36.01
2023-04-18,Izmir,38.8,53.03,17.8,41.08
2023-04-18,Bursa,34.07,105.26,12.3,55.05
2023-04-19,Istanbul,37.86,53.64,33.3,38.45
2023-04-19,Ankara,40.92,-0.19,10.3,20.86
2023-04-19,Izmir,22.5,63.37,30.3,21.16
2023-04-19,Bursa,38.99,70.73,30.5,45.97
2023-04-20,Istanbul,49.14,78.16,24.7,53.18
2023-04-20,Ankara,33.5,128.14,26.4,62.8
2023-04-20,Izmir,47.03,65.07,32.8,48.99
2023-04-20,Bursa,54.55,62.14,31.3,56.73
2023-04-21,Istanbul,28.77,91.0,7.1,47.92
2023-04-21,Ankara,31.85,40.71,27.8,35.89
2023-04-21,Izmir,32.89,101.72,16.3,58.13
2023-04-21,Bursa,36.84,62.94,9.1,50.48
2023-04-22,Istanbul,40.86,73.13,17.6,50.55
2023-04-22,Ankara,60.05,70.44,13.1,54.9
2023-04-22,Izmir,32.06,72.81,33.7,49.05
2023-04-22,Bursa,41.45,79.24,6.8,54.06
2023-04-23,Istanbul,40.92,51.04,17.9,38.44
2023-04-23,Ankara,39.04,89.12,7.7,61.15
2023-04-23,Izmir,30.71,61.44,22.0,37.29
2023-04-23,Bursa,38.33,83.96,14.5,48.47
2023-04-24,Istanbul,18.48,44.69,27.0,28.06
2023-04-24,Ankara,33.25,102.01,14.7,51.76
2023-04-24,Izmir,44.32,57.09,15.5,39.19
2023-04-24,Bursa,26.86,66.15,25.2,35.71
2023-04-25,Istanbul,15.81,38.46,31.6,22.07
2023-04-25,Ankara,12.4,75.3,16.5,42.66
2023-04-25,Izmir,22.19,63.19,6.4,35.47
2023-04-25,Bursa,32.17,40.36,31.9,33.94
2023-04-26,Istanbul,28.31,86.87,16.2,47.11
2023-04-26,Ankara,24.69,48.11,11.9,31.77
2023-04-26,Izmir,28.64,72.35,26.3,44.56
2023-04-26,Bursa,43.29,85.89,5.5,60.8
2023-04-27,Istanbul,53.62,80.15,25.7,55.7
2023-04-27,Ankara,26.7,90.8,9.0,45.26
2023-04-27,Izmir,42.27,86.11,24.8,50.55
2023-04-27,Bursa,29.39,67.44,7.0,36.2
2023-04-28,Istanbul,38.68,59.24,19.9,48.03
2023-04-28,Ankara,37.55,72.33,31.5,47.5
2023-04-28,Izmir,42.56,84.72,22.6,47.79
2023-04-28,Bursa,31.17,63.38,8.3,43.73
2023-04-29,Istanbul,31.47,85.78,14.1,44.53
2023-04-29,Ankara,37.16,75.01,10.3,51.27
2023-04-29,Izmir,34.24,79.13,33.0,46.76
2023-04-29,Bursa,21.74,83.33,15.4,44.95
2023-04-30,Istanbul,39.98,81.71,19.3,53.29
2023-04-30,Ankara,13.74,65.87,30.4,30.31
2023-04-30,Izmir,27.93,50.66,32.9,31.23
2023-04-30,Bursa,39.27,64.12,11.1,39.85
2023-05-01,Istanbul,30.12,65.61,11.0,39.27
2023-05-01,Ankara,26.22,109.84,27.9,53.08
2023-05-01,Izmir,43.22,85.13,6.8,56.72
2023-05-01,Bursa,42.61,35.19,22.0,31.58
2023-05-02,Istanbul,44.76,67.05,33.3,44.87
2023-05-02,Ankara,2.94,59.36,13.9,23.02
2023-05-02,Izmir,44.05,69.03,29.3,45.25
2023-05-02,Bursa,25.79,102.27,23.4,47.04
2023-05-03,Istanbul,29.01,76.93,25.6,41.54
2023-05-03,Ankara,30.36,84.37,33.7,45.63
2023-05-03,Izmir,23.61,87.07,14.1,41.96
2023-05-03,Bursa,36.82,87.71,18.7,52.9
2023-05-04,Istanbul,38.88,76.86,25.7,45.84
2023-05-04,Ankara,57.69,55.82,12.6,50.73
2023-05-04,Izmir,34.44,67.91,17.6,51.64
2023-05-04,Bursa,30.29,85.36,5.4,44.74
2023-05-05,Istanbul,20.35,91.09,27.8,34.19
2023-05-05,Ankara,52.35,75.19,10.5,56.68
2023-05-05,Izmir,34.21,55.06,29.9,32.92
2023-05-05,Bursa,51.15,80.84,9.6,57.72
2023-05-06,Istanbul,30.59,131.47,13.8,59.24
2023-05-06,Ankara,26.07,60.17,9.4,38.95
2023-05-06,Izmir,37.57,56.75,31.4,35.73
2023-05-06,Bursa,42.23,33.53,7.5,39.36
2023-05-07,Istanbul,27.99,58.53,18.6,38.39
2023-05-07,Ankara,48.71,46.06,29.9,44.3
2023-05-07,Izmir,39.92,59.12,6.6,48.82
2023-05-07,Bursa,31.44,24.32,26.5,34.95
2023-05-08,Istanbul,30.4,71.41,33.4,43.4
2023-05-08,Ankara,38.36,110.5,15.3,58.7
2023-05-08,Izmir,38.32,83.56,25.8,47.12
2023-05-08,Bursa,35.48,65.59,23.1,42.93
2023-05-09,Istanbul,33.11,72.1,27.5,41.32
2023-05-09,Ankara,37.6,54.57,26.7,35.48
2023-05-09,Izmir,20.07,85.4,23.6,36.72
2023-05-09,Bursa,33.02,68.22,28.4,33.2
2023-05-10,Istanbul,22.87,94.95,6.1,50.17
2023-05-10,Ankara,38.92,93.9,16.1,47.13
2023-05-10,Izmir,32.68,104.22,32.0,50.97
2023-05-10,Bursa,36.98,59.7,28.7,46.45
2023-05-11,Istanbul,19.91,88.31,16.7,45.88
2023-05-11,Ankara,41.68,66.44,12.7,44.55
2023-05-11,Izmir,45.45,72.95,32.1,54.58
2023-05-11,Bursa,31.28,43.47,11.6,36.43
2023-05-12,Istanbul,35.41,76.14,8.9,47.64
2023-05-12,Ankara,40.58,91.18,31.4,53.9
2023-05-12,Izmir,45.48,58.75,30.5,41.44
2023-05-12,Bursa,23.29,80.15,8.0,44.69
2023-05-13,Istanbul,25.75,100.02,29.0,48.68
2023-05-13,Ankara,29.34,80.6,7.3,41.77
2023-05-13,Izmir,37.97,72.79,23.2,45.41
2023-05-13,Bursa,27.47,67.8,8.8,49.97
2023-05-14,Istanbul,8.18,99.85,8.4,31.63
2023-05-14,Ankara,27.28,135.68,27.7,61.85
2023-05-14,Izmir,43.25,74.51,29.5,49.03
2023-05-14,Bursa,43.22,107.38,34.6,60.91
2023-05-15,Istanbul,29.49,62.83,29.4,37.23
2023-05-15,Ankara,32.46,67.94,17.0,40.23
2023-05-15,Izmir,25.39,56.75,25.9,35.02
2023-05-15,Bursa,34.45,59.26,28.3,40.95
2023-05-16,Istanbul,31.53,38.04,32.1,31.85
2023-05-16,Ankara,45.78,101.91,17.2,71.74
2023-05-16,Izmir,33.03,78.12,6.7,57.44
2023-05-16,Bursa,35.48,62.33,9.6,46.93
2023-05-17,Istanbul,26.94,78.77,22.2,44.77
2023-05-17,Ankara,24.47,43.51,6.8,22.62
2023-05-17,Izmir,38.01,83.45,25.9,41.07
2023-05-17,Bursa,26.18,88.49,35.0,45.79
2023-05-18,Istanbul,44.31,74.87,7.8,58.95
2023-05-18,Ankara,18.12,77.22,11.9,38.9
2023-05-18,Izmir,47.58,76.34,13.9,58.93
2023-05-18,Bursa,13.14,60.23,9.4,29.33
2023-05-19,Istanbul,37.79,73.32,13.0,50.16
2023-05-19,Ankara,21.3,48.94,6.3,32.42
2023-05-19,Izmir,36.92,62.47,33.2,37.57
2023-05-19,Bursa,45.33,60.32,14.4,44.39
2023-05-20,Istanbul,22.71,59.0,14.8,32.67
2023-05-20,Ankara,40.24,66.82,16.9,48.68
2023-05-20,Izmir,34.4,39.6,34.4,26.82
2023-05-20,Bursa,41.29,74.73,14.5,57.51
2023-05-21,Istanbul,19.77,47.56,13.9,25.76
2023-05-21,Ankara,34.57,100.02,25.1,48.78
2023-05-21,Izmir,16.63,78.5,12.1,36.3
2023-05-21,Bursa,30.05,13.12,9.6,17.28
2023-05-22,Istanbul,37.51,96.52,25.1,58.36
2023-05-22,Ankara,36.42,39.13,34.2,34.96
2023-05-22,Izmir,34.36,66.34,29.1,41.44
2023-05-22,Bursa,39.52,87.35,31.5,45.33
2023-05-23,Istanbul,26.25,62.5,12.7,36.7
2023-05-23,Ankara,48.84,81.45,11.9,60.76
2023-05-23,Izmir,20.1,90.4,33.8,41.2
2023-05-23,Bursa,19.15,97.58,18.7,49.9
2023-05-24,Istanbul,25.76,21.77,33.0,22.04
2023-05-24,Ankara,36.63,71.47,25.0,46.85
2023-05-24,Izmir,45.84,83.6,30.2,54.79
2023-05-24,Bursa,45.28,49.65,13.2,42.57
2023-05-25,Istanbul,31.9,74.72,15.4,45.5
2023-05-25,Ankara,25.64,72.97,16.6,34.97
2023-05-25,Izmir,36.29,53.32,18.8,31.54
2023-05-25,Bursa,30.99,52.54,29.2,36.68
2023-05-26,Istanbul,43.98,98.37,31.7,54.49
2023-05-26,Ankara,47.38,68.01,16.1,57.45
2023-05-26,Izmir,35.02,79.15,17.9,43.66
2023-05-26,Bursa,37.28,72.34,14.9,42.61
2023-05-27,Istanbul,17.1,57.96,11.6,31.54
2023-05-27,Ankara,40.6,62.32,19.8,41.94
2023-05-27,Izmir,42.88,73.84,23.5,46.23
2023-05-27,Bursa,21.13,61.51,25.1,37.34
2023-05-28,Istanbul,36.47,62.54,26.8,44.99
2023-05-28,Ankara,50.5,63.68,13.2,56.73
2023-05-28,Izmir,34.09,94.87,13.2,47.5
2023-05-28,Bursa,32.3,74.23,19.7,44.07
2023-05-29,Istanbul,29.98,69.39,31.8,43.57
2023-05-29,Ankara,33.66,67.1,31.2,50.42
2023-05-29,Izmir,48.19,100.23,16.3,55.88
2023-05-29,Bursa,23.32,115.9,6.5,62.88
2023-05-30,Istanbul,29.78,35.08,19.5,30.13
2023-05-30,Ankara,37.53,74.71,23.5,48.27
2023-05-30,Izmir,35.79,46.42,23.4,35.0
2023-05-30,Bursa,46.45,94.46,26.6,64.17
2023-05-31,Istanbul,27.09,92.51,7.8,42.81
2023-05-31,Ankara,30.35,59.78,19.5,33.77
2023-05-31,Izmir,47.27,25.74,33.1,38.0
2023-05-31,Bursa,38.84,78.09,8.6,52.87
2023-06-01,Istanbul,17.94,90.3,30.4,43.05
2023-06-01,Ankara,41.17,74.02,7.8,49.23
2023-06-01,Izmir,29.37,70.02,17.7,33.25
2023-06-01,Bursa,33.66,61.27,11.9,38.96
2023-06-02,Istanbul,39.25,93.49,33.2,47.7
2023-06-02,Ankara,32.28,74.29,22.8,48.41
2023-06-02,Izmir,43.01,82.61,17.6,49.25
2023-06-02,Bursa,39.08,74.45,15.1,47.44
2023-06-03,Istanbul,24.11,41.65,16.1,34.56
2023-06-03,Ankara,24.72,101.02,15.8,49.68
2023-06-03,Izmir,29.94,96.11,26.4,51.21
2023-06-03,Bursa,30.3,80.4,7.6,46.6
2023-06-04,Istanbul,36.11,17.17,15.3,30.9
2023-06-04,Ankara,31.02,82.67,9.7,42.52
2023-06-04,Izmir,52.62,87.1,9.5,71.28
2023-06-04,Bursa,20.33,72.92,7.8,45.57
2023-06-05,Istanbul,48.92,90.1,17.6,56.12
2023-06-05,Ankara,18.02,65.32,12.6,34.86
2023-06-05,Izmir,16.16,56.65,13.8,33.89
2023-06-05,Bursa,29.02,56.33,23.0,37.11
2023-06-06,Istanbul,59.14,56.58,20.3,49.1
2023-06-06,Ankara,33.3,73.9,26.8,40.24
2023-06-06,Izmir,22.86,45.46,15.2,23.89
2023-06-06,Bursa,30.03,87.82,14.0,55.01
2023-06-07,Istanbul,44.2,60.56,31.9,48.04
2023-06-07,Ankara,36.96,74.73,25.7,40.48
2023-06-07,Izmir,17.22,91.07,34.2,43.87
2023-06-07,Bursa,21.47,79.75,33.8,38.51
2023-06-08,Istanbul,12.39,35.74,15.9,21.1
2023-06-08,Ankara,19.78,65.27,21.9,41.97
2023-06-08,Izmir,37.66,39.06,9.9,39.66
2023-06-08,Bursa,27.72,86.23,10.3,41.49
2023-06-09,Istanbul,27.16,92.36,10.3,47.04
2023-06-09,Ankara,35.45,96.05,31.8,48.83
2023-06-09,Izmir,27.42,59.79,18.4,31.73
2023-06-09,Bursa,46.61,41.91,26.5,31.11
2023-06-10,Istanbul,42.75,33.25,31.2,41.42
2023-06-10,Ankara,28.49,73.95,22.4,38.1
2023-06-10,Izmir,35.9,65.15,12.3,46.1
2023-06-10,Bursa,44.86,75.03,20.2,47.79
2023-06-11,Istanbul,37.58,75.96,25.8,49.13
2023-06-11,Ankara,23.03,80.18,17.5,47.31
2023-06-11,Izmir,40.78,44.01,14.4,43.56
2023-06-11,Bursa,41.14,90.99,9.1,58.67
2023-06-12,Istanbul,17.61,61.16,11.4,19.83
2023-06-12,Ankara,24.03,59.27,22.1,33.42
2023-06-12,Izmir,30.57,66.37,30.0,37.48
2023-06-12,Bursa,47.27,48.38,23.1,44.94
2023-06-13,Istanbul,28.66,77.85,32.2,38.97
2023-06-13,Ankara,46.34,62.15,7.6,58.43
2023-06-13,Izmir,26.74,65.17,23.9,36.98
2023-06-13,Bursa,47.03,36.98,29.6,40.42
2023-06-14,Istanbul,41.68,73.71,31.7,43.27
2023-06-14,Ankara,32.2,68.7,5.3,46.76
2023-06-14,Izmir,30.92,32.59,5.9,39.24
2023-06-14,Bursa,23.56,79.57,22.3,49.47
2023-06-15,Istanbul,31.01,54.23,19.9,31.75
2023-06-15,Ankara,51.97,74.39,14.3,47.64
2023-06-15,Izmir,33.78,58.77,11.3,37.91
2023-06-15,Bursa,23.01,60.97,13.1,39.27
2023-06-16,Istanbul,22.79,82.55,11.0,38.76
2023-06-16,Ankara,39.27,78.88,7.6,43.95
2023-06-16,Izmir,17.16,67.25,16.1,30.37
2023-06-16,Bursa,26.3,108.43,24.1,50.07
2023-06-17,Istanbul,26.43,46.0,6.1,36.0
2023-06-17,Ankara,36.35,96.63,31.6,47.85
2023-06-17,Izmir,21.52,61.47,8.0,37.67
2023-06-17,Bursa,41.73,70.41,21.1,45.98
2023-06-18,Istanbul,30.14,54.69,29.4,36.56
2023-06-18,Ankara,44.53,50.8,28.3,43.72
2023-06-18,Izmir,36.09,61.05,20.7,49.09
2023-06-18,Bursa,36.05,41.89,15.7,33.96
2023-06-19,Istanbul,43.56,85.05,12.4,52.75
2023-06-19,Ankara,20.17,89.05,22.3,44.35
2023-06-19,Izmir,51.65,63.24,10.3,57.39
2023-06-19,Bursa,37.69,110.74,34.4,52.27
2023-06-20,Istanbul,31.81,47.44,24.6,28.16
2023-06-20,Ankara,31.12,104.14,31.6,53.17
2023-06-20,Izmir,15.73,65.94,22.6,27.71
2023-06-20,Bursa,43.93,95.51,11.3,54.91
2023-06-21,Istanbul,44.73,90.65,14.3,60.79
2023-06-21,Ankara,24.83,95.2,24.0,48.9
2023-06-21,Izmir,42.12,85.18,24.2,52.99
2023-06-21,Bursa,29.14,40.72,20.6,42.65
2023-06-22,Istanbul,46.0,65.33,29.8,61.28
2023-06-22,Ankara,38.43,92.23,14.9,57.02
2023-06-22,Izmir,33.46,63.82,34.8,33.56
2023-06-22,Bursa,44.85,40.54,33.8,34.21
2023-06-23,Istanbul,23.55,92.73,21.7,45.89
2023-06-23,Ankara,53.67,30.89,8.2,41.25
2023-06-23,Izmir,13.6,37.95,26.1,33.37
2023-06-23,Bursa,33.8,60.73,13.9,41.59
2023-06-24,Istanbul,33.57,93.27,5.6,50.43
2023-06-24,Ankara,34.67,62.28,10.2,41.08
2023-06-24,Izmir,22.81,85.3,16.5,48.24
2023-06-24,Bursa,26.89,79.2,7.3,34.62
2023-06-25,Istanbul,37.04,64.34,10.9,45.01
2023-06-25,Ankara,42.91,64.8,6.1,50.63
2023-06-25,Izmir,39.7,70.48,16.4,48.59
2023-06-25,Bursa,38.53,91.18,9.5,56.51
2023-06-26,Istanbul,35.32,84.99,28.4,42.69
2023-06-26,Ankara,38.8,81.07,17.9,49.21
2023-06-26,Izmir,30.83,76.77,24.2,32.72
2023-06-26,Bursa,41.34,81.41,33.7,49.25
2023-06-27,Istanbul,40.29,40.34,10.7,34.13
2023-06-27,Ankara,33.28,75.75,6.6,43.42
2023-06-27,Izmir,38.57,79.35,32.1,47.78
2023-06-27,Bursa,25.65,48.06,32.2,20.72
2023-06-28,Istanbul,15.77,83.14,8.3,42.93
2023-06-28,Ankara,47.33,79.2,6.3,58.74
2023-06-28,Izmir,35.03,43.52,23.2,29.26
2023-06-28,Bursa,30.38,76.98,27.6,41.2
2023-06-29,Istanbul,30.6,74.34,30.3,43.41
2023-06-29,Ankara,20.29,95.96,20.6,46.86
2023-06-29,Izmir,49.76,91.65,26.8,54.78
2023-06-29,Bursa,33.87,101.71,17.1,56.73
2023-06-30,Istanbul,40.8,93.7,28.2,54.62
2023-06-30,Ankara,36.57,49.85,19.4,35.94
2023-06-30,Izmir,30.57,39.09,7.1,29.99
2023-06-30,Bursa,24.38,87.14,6.6,48.01
2023-07-01,Istanbul,35.24,66.85,5.1,40.68
2023-07-01,Ankara,47.02,53.32,15.6,39.35
2023-07-01,Izmir,44.78,88.1,25.4,55.6
2023-07-01,Bursa,28.44,66.94,18.6,37.9
2023-07-02,Istanbul,31.1,67.1,5.4,40.51
2023-07-02,Ankara,39.96,87.83,11.6,62.27
2023-07-02,Izmir,62.02,97.92,20.6,67.49
2023-07-02,Bursa,42.25,69.35,27.5,48.34
2023-07-03,Istanbul,47.31,55.65,33.1,38.44
2023-07-03,Ankara,27.56,75.94,33.3,39.57
2023-07-03,Izmir,17.61,30.57,16.4,23.54
2023-07-03,Bursa,13.77,60.26,12.0,34.22
2023-07-04,Istanbul,48.19,83.49,26.4,53.14
2023-07-04,Ankara,48.55,67.36,23.2,52.6
2023-07-04,Izmir,18.2,32.35,6.1,37.63
2023-07-04,Bursa,38.47,45.98,6.8,40.16
2023-07-05,Istanbul,17.68,68.16,19.1,33.41
2023-07-05,Ankara,36.36,93.51,30.4,49.26
2023-07-05,Izmir,31.54,59.93,19.0,36.1
2023-07-05,Bursa,27.67,69.79,33.8,43.68
2023-07-06,Istanbul,31.19,76.71,20.5,44.49
2023-07-06,Ankara,39.21,90.17,32.2,47.5
2023-07-06,Izmir,38.42,87.65,26.3,61.57
2023-07-06,Bursa,39.75,68.7,33.5,45.53
2023-07-07,Istanbul,23.23,72.57,22.8,38.05
2023-07-07,Ankara,38.95,70.09,6.9,44.15
2023-07-07,Izmir,35.95,95.87,33.8,56.36
2023-07-07,Bursa,39.68,48.16,21.1,36.09
2023-07-08,Istanbul,23.3,67.2,7.3,38.87
2023-07-08,Ankara,44.67,90.46,11.6,61.28
2023-07-08,Izmir,53.5,80.34,31.2,46.73
2023-07-08,Bursa,42.76,58.04,32.7,43.35
2023-07-09,Istanbul,22.99,43.88,12.2,29.21
2023-07-09,Ankara,37.15,76.79,33.1,43.44
2023-07-09,Izmir,34.56,81.92,12.0,49.42
2023-07-09,Bursa,38.62,64.6,13.0,41.53
2023-07-10,Istanbul,25.86,71.55,21.1,37.07
2023-07-10,Ankara,22.03,94.53,8.8,42.58
2023-07-10,Izmir,36.3,38.83,18.8,39.6
2023-07-10,Bursa,20.24,93.06,23.4,36.62
2023-07-11,Istanbul,56.56,101.11,29.3,68.09
2023-07-11,Ankara,30.19,49.95,32.9,34.97
2023-07-11,Izmir,38.68,96.44,28.8,44.91
2023-07-11,Bursa,34.4,40.17,21.5,32.33
2023-07-12,Istanbul,25.71,85.03,6.3,52.8
2023-07-12,Ankara,15.01,63.18,13.2,29.68
2023-07-12,Izmir,40.0,77.17,13.3,48.48
2023-07-12,Bursa,47.23,84.9,29.9,43.56
2023-07-13,Istanbul,45.5,46.79,23.3,46.23
2023-07-13,Ankara,27.35,79.43,18.0,44.45
2023-07-13,Izmir,46.8,59.67,11.1,40.77
2023-07-13,Bursa,32.01,102.14,29.8,55.57
2023-07-14,Istanbul,23.63,90.36,19.8,46.99
2023-07-14,Ankara,12.0,39.69,23.1,36.27
2023-07-14,Izmir,30.15,85.86,31.9,39.87
2023-07-14,Bursa,41.62,66.41,8.1,55.34
2023-07-15,Istanbul,25.19,51.61,25.7,29.0
2023-07-15,Ankara,32.86,65.62,27.9,42.67
2023-07-15,Izmir,41.14,39.82,23.3,41.93
2023-07-15,Bursa,41.19,24.61,23.7,32.4
2023-07-16,Istanbul,32.09,59.79,14.6,38.43
2023-07-16,Ankara,37.11,58.21,31.1,30.12
2023-07-16,Izmir,16.79,71.18,8.6,43.78
2023-07-16,Bursa,23.31,87.14,26.2,46.58
2023-07-17,Istanbul,53.41,67.94,19.5,47.22
2023-07-17,Ankara,46.7,45.32,13.4,41.46
2023-07-17,Izmir,26.63,58.6,33.1,31.91
2023-07-17,Bursa,35.81,25.28,10.1,34.52
2023-07-18,Istanbul,42.81,71.07,33.8,39.64
2023-07-18,Ankara,21.53,56.97,19.3,33.23
2023-07-18,Izmir,24.44,53.12,27.5,21.5
2023-07-18,Bursa,38.35,68.48,32.5,48.82
2023-07-19,Istanbul,39.47,72.39,24.1,46.2
2023-07-19,Ankara,29.31,76.24,23.9,48.69
2023-07-19,Izmir,37.57,80.64,25.2,45.84
2023-07-19,Bursa,44.31,93.07,30.4,61.81
2023-07-20,Istanbul,14.5,75.46,18.2,30.61
2023-07-20,Ankara,10.56,54.84,15.5,29.7
2023-07-20,Izmir,16.28,79.37,23.0,42.09
2023-07-20,Bursa,43.35,59.17,6.9,51.92
2023-07-21,Istanbul,43.58,66.44,30.3,39.55
2023-07-21,Ankara,47.13,63.1,32.1,47.02
2023-07-21,Izmir,29.91,70.35,22.3,53.0
2023-07-21,Bursa,32.24,99.96,17.0,47.8
2023-07-22,Istanbul,39.13,81.6,19.2,45.23
2023-07-22,Ankara,27.12,52.27,33.1,27.41
2023-07-22,Izmir,46.58,63.49,14.3,51.66
2023-07-22,Bursa,22.74,51.48,22.3,37.75
2023-07-23,Istanbul,24.85,64.24,34.5,31.29
2023-07-23,Ankara,46.4,80.09,16.7,54.28
2023-07-23,Izmir,41.37,102.91,17.6,54.29
2023-07-23,Bursa,19.55,39.34,14.4,27.3
2023-07-24,Istanbul,38.71,95.5,26.9,51.79
2023-07-24,Ankara,48.07,60.46,30.9,41.61
2023-07-24,Izmir,55.88,74.91,12.7,61.06
2023-07-24,Bursa,23.18,71.12,22.1,36.96
2023-07-25,Istanbul,24.97,47.54,13.6,28.53
2023-07-25,Ankara,56.1,41.75,9.4,47.39
2023-07-25,Izmir,18.67,83.67,13.6,37.7
2023-07-25,Bursa,31.67,54.55,12.6,29.36
2023-07-26,Istanbul,55.24,68.77,34.9,51.92
2023-07-26,Ankara,42.9,36.04,28.3,39.09
2023-07-26,Izmir,42.71,72.78,28.0,42.43
2023-07-26,Bursa,38.81,85.3,12.3,48.6
2023-07-27,Istanbul,31.77,5.82,25.2,25.11
2023-07-27,Ankara,43.11,75.07,23.9,53.37
2023-07-27,Izmir,40.1,96.95,20.3,59.65
2023-07-27,Bursa,40.81,82.06,11.6,48.5
2023-07-28,Istanbul,54.99,93.6,16.9,58.39
2023-07-28,Ankara,40.61,74.51,22.6,42.41
2023-07-28,Izmir,17.92,59.02,13.1,34.96
2023-07-28,Bursa,39.43,86.53,16.8,48.99
2023-07-29,Istanbul,39.29,65.73,16.6,46.32
2023-07-29,Ankara,25.5,52.33,12.3,33.92
2023-07-29,Izmir,30.15,81.96,24.8,57.01
2023-07-29,Bursa,59.41,104.68,25.5,62.21
2023-07-30,Istanbul,48.71,81.22,19.3,55.3
2023-07-30,Ankara,30.07,51.32,15.7,35.87
2023-07-30,Izmir,28.35,68.74,8.5,43.09
2023-07-30,Bursa,41.49,87.61,25.1,45.6
2023-07-31,Istanbul,48.91,80.49,34.6,55.12
2023-07-31,Ankara,28.06,66.5,16.0,37.13
2023-07-31,Izmir,36.17,80.73,13.5,59.99
2023-07-31,Bursa,36.91,60.86,12.6,35.82
2023-08-01,Istanbul,57.05,36.78,10.8,49.13
2023-08-01,Ankara,40.73,68.32,21.2,47.51
2023-08-01,Izmir,36.26,52.25,16.2,39.97
2023-08-01,Bursa,46.23,86.07,8.4,60.1
2023-08-02,Istanbul,38.37,64.71,14.6,42.06
2023-08-02,Ankara,39.21,49.22,15.8,51.58
2023-08-02,Izmir,37.81,46.71,27.2,33.84
2023-08-02,Bursa,54.48,64.37,25.5,52.72
2023-08-03,Istanbul,37.12,126.93,17.4,57.61
2023-08-03,Ankara,38.13,109.18,34.1,52.72
2023-08-03,Izmir,29.57,120.49,31.8,57.62
2023-08-03,Bursa,32.89,72.73,8.6,44.41
2023-08-04,Istanbul,41.46,92.73,6.2,58.6
2023-08-04,Ankara,43.58,58.71,25.2,42.81
2023-08-04,Izmir,38.87,74.71,30.1,51.96
2023-08-04,Bursa,37.66,76.87,22.8,42.88
2023-08-05,Istanbul,29.29,59.84,16.9,36.94
2023-08-05,Ankara,37.69,96.95,26.0,50.64
2023-08-05,Izmir,41.76,82.79,9.7,47.35
2023-08-05,Bursa,31.69,62.12,27.8,30.79
2023-08-06,Istanbul,38.89,93.68,11.6,53.77
2023-08-06,Ankara,28.62,49.5,20.2,34.47
2023-08-06,Izmir,27.98,98.13,32.0,47.87
2023-08-06,Bursa,34.17,72.13,29.8,41.31
2023-08-07,Istanbul,27.17,81.04,14.1,47.64
2023-08-07,Ankara,42.19,60.91,11.6,42.03
2023-08-07,Izmir,35.72,94.09,25.0,56.81
2023-08-07,Bursa,45.49,44.09,16.9,40.84
2023-08-08,Istanbul,26.23,64.72,34.3,39.21
2023-08-08,Ankara,64.99,91.53,17.2,63.23
2023-08-08,Izmir,26.4,74.9,12.0,47.6
2023-08-08,Bursa,39.89,33.98,10.4,39.72
2023-08-09,Istanbul,34.43,75.87,23.3,47.3
2023-08-09,Ankara,36.34,73.29,20.0,49.49
2023-08-09,Izmir,17.54,83.01,21.9,46.42
2023-08-09,Bursa,28.97,60.3,12.3,47.94
2023-08-10,Istanbul,28.81,79.49,19.3,40.84
2023-08-10,Ankara,36.27,83.86,13.4,58.22
2023-08-10,Izmir,42.37,92.86,30.1,46.82
2023-08-10,Bursa,31.72,32.67,5.4,29.5
2023-08-11,Istanbul,29.1,63.45,28.8,40.13
2023-08-11,Ankara,33.3,49.84,17.7,41.72
2023-08-11,Izmir,29.82,106.25,23.7,47.19
2023-08-11,Bursa,42.18,103.54,33.9,52.63
2023-08-12,Istanbul,31.74,76.95,20.0,36.09
2023-08-12,Ankara,36.93,62.67,29.3,41.62
2023-08-12,Izmir,30.51,70.11,12.8,42.98
2023-08-12,Bursa,39.25,75.76,29.6,37.62
2023-08-13,Istanbul,17.8,77.43,5.1,45.35
2023-08-13,Ankara,30.4,52.28,10.5,41.51
2023-08-13,Izmir,47.76,74.42,28.6,54.37
2023-08-13,Bursa,37.64,76.48,33.1,43.85
2023-08-14,Istanbul,31.42,69.15,24.2,48.9
2023-08-14,Ankara,41.59,76.01,19.2,46.96
2023-08-14,Izmir,42.5,82.95,34.5,51.11
2023-08-14,Bursa,38.92,29.59,17.4,36.52
2023-08-15,Istanbul,44.37,71.79,14.5,47.61
2023-08-15,Ankara,29.18,48.72,19.4,39.82
2023-08-15,Izmir,45.04,33.7,30.5,32.42
2023-08-15,Bursa,30.47,80.31,8.5,53.72
2023-08-16,Istanbul,39.46,64.84,32.4,33.73
2023-08-16,Ankara,44.08,82.04,8.3,48.63
2023-08-16,Izmir,31.74,82.41,17.3,50.2
2023-08-16,Bursa,34.45,78.36,7.1,48.14
2023-08-17,Istanbul,45.8,64.02,24.1,47.45
2023-08-17,Ankara,26.49,70.23,9.6,40.93
2023-08-17,Izmir,19.94,47.81,12.1,26.63
2023-08-17,Bursa,31.04,77.05,9.5,42.71
2023-08-18,Istanbul,32.11,64.24,10.0,36.42
2023-08-18,Ankara,39.64,88.98,32.4,47.32
2023-08-18,Izmir,43.3,61.13,22.7,48.49
2023-08-18,Bursa,39.09,66.79,31.6,41.68
2023-08-19,Istanbul,25.32,44.89,7.2,36.09
2023-08-19,Ankara,40.59,78.15,23.0,49.04
2023-08-19,Izmir,42.91,55.45,34.2,46.55
2023-08-19,Bursa,31.77,84.23,12.4,44.96
2023-08-20,Istanbul,27.81,63.62,34.0,33.51
2023-08-20,Ankara,28.06,54.64,18.3,48.01
2023-08-20,Izmir,46.11,116.71,21.5,62.89
2023-08-20,Bursa,23.54,75.56,25.3,36.86
2023-08-21,Istanbul,48.7,54.64,28.3,46.94
2023-08-21,Ankara,45.47,106.64,17.4,54.14
2023-08-21,Izmir,29.18,73.04,19.6,45.5
2023-08-21,Bursa,31.14,67.57,27.8,28.46
2023-08-22,Istanbul,20.58,118.49,32.1,42.76
2023-08-22,Ankara,28.65,60.14,33.9,40.49
2023-08-22,Izmir,47.21,48.14,17.1,43.97
2023-08-22,Bursa,23.82,78.17,6.9,45.13
2023-08-23,Istanbul,53.89,52.06,16.6,50.45
2023-08-23,Ankara,36.42,59.16,33.8,33.11
2023-08-23,Izmir,14.86,76.76,24.6,33.76
2023-08-23,Bursa,39.17,62.23,7.0,44.06
2023-08-24,Istanbul,23.78,65.19,32.9,43.86
2023-08-24,Ankara,33.02,98.97,9.7,51.24
2023-08-24,Izmir,50.93,62.97,12.5,57.37
2023-08-24,Bursa,51.85,104.69,34.7,56.98
2023-08-25,Istanbul,47.69,64.79,26.9,44.84
2023-08-25,Ankara,36.35,46.46,12.2,43.61
2023-08-25,Izmir,48.63,52.39,17.5,52.6
2023-08-25,Bursa,27.51,71.84,8.6,46.09
2023-08-26,Istanbul,37.65,63.94,5.2,48.22
2023-08-26,Ankara,12.5,68.64,29.4,34.6
2023-08-26,Izmir,45.34,70.67,30.6,52.2
2023-08-26,Bursa,22.84,76.89,21.9,47.79
2023-08-27,Istanbul,36.25,68.07,18.8,45.34
2023-08-27,Ankara,40.25,69.32,10.3,49.24
2023-08-27,Izmir,22.41,79.32,6.4,46.14
2023-08-27,Bursa,31.2,82.96,20.4,42.17
2023-08-28,Istanbul,40.99,81.81,9.0,51.05
2023-08-28,Ankara,20.35,73.54,19.2,29.53
2023-08-28,Izmir,49.51,62.8,27.7,55.45
2023-08-28,Bursa,47.63,58.53,34.7,47.92
2023-08-29,Istanbul,26.57,35.39,24.7,31.44
2023-08-29,Ankara,34.12,33.28,14.9,27.84
2023-08-29,Izmir,23.0,81.73,15.4,37.53
2023-08-29,Bursa,25.96,59.28,29.8,39.28
2023-08-30,Istanbul,40.38,75.34,27.1,46.15
2023-08-30,Ankara,38.68,46.43,26.5,43.71
2023-08-30,Izmir,35.97,89.41,26.0,54.59
2023-08-30,Bursa,39.66,88.49,5.7,60.29
2023-08-31,Istanbul,35.08,72.27,27.5,45.82
2023-08-31,Ankara,40.99,76.38,27.7,44.54
2023-08-31,Izmir,21.63,68.08,17.2,32.02
2023-08-31,Bursa,49.58,59.89,5.8,52.16
2023-09-01,Istanbul,58.93,101.39,6.1,68.16
2023-09-01,Ankara,32.99,34.4,30.6,27.8
2023-09-01,Izmir,41.57,111.95,6.8,62.64
2023-09-01,Bursa,52.28,84.83,22.8,60.57
2023-09-02,Istanbul,48.75,74.74,28.4,50.08
2023-09-02,Ankara,18.72,94.23,21.3,34.4
2023-09-02,Izmir,36.46,58.42,7.6,50.2
2023-09-02,Bursa,31.07,57.22,15.2,37.95
2023-09-03,Istanbul,33.3,53.26,18.2,38.99
2023-09-03,Ankara,42.76,57.49,19.0,46.17
2023-09-03,Izmir,10.59,90.5,8.9,36.13
2023-09-03,Bursa,14.54,92.16,20.5,31.66
2023-09-04,Istanbul,26.55,67.44,6.6,44.23
2023-09-04,Ankara,27.55,31.67,14.4,35.44
2023-09-04,Izmir,35.61,31.48,33.4,33.17
2023-09-04,Bursa,32.06,56.87,11.7,49.96
2023-09-05,Istanbul,35.16,45.22,5.2,41.34
2023-09-05,Ankara,31.73,98.25,9.6,58.57
2023-09-05,Izmir,58.37,61.23,11.7,53.84
2023-09-05,Bursa,67.08,72.05,19.0,66.43
2023-09-06,Istanbul,42.56,50.48,13.1,41.28
2023-09-06,Ankara,26.59,70.73,26.4,36.36
2023-09-06,Izmir,37.4,57.09,25.0,43.76
2023-09-06,Bursa,38.56,36.34,21.0,36.52
2023-09-07,Istanbul,34.53,69.48,11.9,43.42
2023-09-07,Ankara,42.06,66.19,30.5,54.56
2023-09-07,Izmir,38.53,67.71,10.7,55.11
2023-09-07,Bursa,37.94,29.8,19.3,27.38
2023-09-08,Istanbul,35.08,33.82,31.9,27.66
2023-09-08,Ankara,17.91,69.97,13.6,38.41
2023-09-08,Izmir,30.38,49.22,32.0,34.83
2023-09-08,Bursa,34.42,73.85,10.7,59.38
2023-09-09,Istanbul,40.47,78.52,12.8,56.49
2023-09-09,Ankara,40.97,95.03,25.7,44.57
2023-09-09,Izmir,33.52,68.04,13.8,43.46
2023-09-09,Bursa,17.27,20.26,10.3,23.49
2023-09-10,Istanbul,38.4,68.14,21.1,48.8
2023-09-10,Ankara,43.75,31.16,14.7,38.45
2023-09-10,Izmir,22.64,73.52,26.0,30.7
2023-09-10,Bursa,37.09,26.76,23.9,29.77
2023-09-11,Istanbul,33.94,70.11,16.1,44.49
2023-09-11,Ankara,25.85,96.97,18.9,49.8
2023-09-11,Izmir,11.01,87.7,29.1,33.27
2023-09-11,Bursa,41.82,67.89,27.6,42.53
2023-09-12,Istanbul,37.88,102.71,29.5,53.64
2023-09-12,Ankara,43.91,95.06,24.3,52.83
2023-09-12,Izmir,22.52,60.12,10.6,40.55
2023-09-12,Bursa,51.72,72.65,23.4,51.37
2023-09-13,Istanbul,31.33,52.74,26.6,34.93
2023-09-13,Ankara,38.16,56.18,34.5,38.68
2023-09-13,Izmir,5.59,35.52,15.0,17.68
2023-09-13,Bursa,25.03,93.23,9.0,47.2
2023-09-14,Istanbul,45.27,79.17,16.8,50.45
2023-09-14,Ankara,44.97,91.78,5.8,55.81
2023-09-14,Izmir,44.94,49.26,30.1,31.28
2023-09-14,Bursa,30.88,98.35,30.5,41.38
2023-09-15,Istanbul,45.6,92.5,5.4,65.04
2023-09-15,Ankara,50.81,95.17,27.7,54.28
2023-09-15,Izmir,47.11,40.16,16.2,47.87
2023-09-15,Bursa,22.14,58.16,20.5,29.6
2023-09-16,Istanbul,51.44,80.22,8.6,55.79
2023-09-16,Ankara,19.57,55.49,12.9,47.65
2023-09-16,Izmir,24.65,78.95,33.4,43.26
2023-09-16,Bursa,35.94,78.27,11.2,48.92
2023-09-17,Istanbul,31.75,47.74,18.9,38.84
2023-09-17,Ankara,17.18,61.39,18.3,33.05
2023-09-17,Izmir,36.83,99.41,6.3,55.92
2023-09-17,Bursa,15.25,65.28,19.8,30.36
2023-09-18,Istanbul,24.39,91.26,15.1,42.82
2023-09-18,Ankara,37.87,108.98,18.0,61.59
2023-09-18,Izmir,39.06,44.15,25.0,43.83
2023-09-18,Bursa,35.2,62.32,22.3,49.17
2023-09-19,Istanbul,46.92,75.23,6.9,60.23
2023-09-19,Ankara,34.4,92.38,11.9,46.63
2023-09-19,Izmir,37.19,65.94,7.2,47.31
2023-09-19,Bursa,43.17,79.58,33.3,50.81
2023-09-20,Istanbul,41.44,44.5,8.9,46.63
2023-09-20,Ankara,27.46,94.33,8.0,46.74
2023-09-20,Izmir,31.65,87.94,7.8,45.86
2023-09-20,Bursa,50.44,31.91,31.7,43.17
2023-09-21,Istanbul,35.61,76.52,30.7,36.82
2023-09-21,Ankara,48.16,89.82,33.2,59.12
2023-09-21,Izmir,40.25,77.52,24.3,46.28
2023-09-21,Bursa,39.05,69.69,32.6,47.68
2023-09-22,Istanbul,42.47,56.28,18.5,44.5
2023-09-22,Ankara,35.41,82.39,8.3,45.62
2023-09-22,Izmir,49.02,64.31,32.5,53.57
2023-09-22,Bursa,21.76,69.39,34.2,39.43
2023-09-23,Istanbul,44.02,77.62,21.4,54.23
2023-09-23,Ankara,35.0,59.96,10.6,43.51
2023-09-23,Izmir,27.93,75.57,24.3,36.89
2023-09-23,Bursa,25.71,52.32,22.5,26.87
2023-09-24,Istanbul,29.83,41.4,23.9,23.81
2023-09-24,Ankara,45.62,88.47,23.0,49.22
2023-09-24,Izmir,43.06,87.26,11.5,58.5
2023-09-24,Bursa,34.23,95.45,15.6,52.43
2023-09-25,Istanbul,35.08,51.15,22.5,39.42
2023-09-25,Ankara,14.16,70.72,27.1,39.5
2023-09-25,Izmir,28.53,50.95,6.2,40.31
2023-09-25,Bursa,40.22,93.64,13.7,61.59
2023-09-26,Istanbul,38.85,63.65,23.7,49.73
2023-09-26,Ankara,30.27,61.58,32.0,43.81
2023-09-26,Izmir,40.94,74.64,6.9,54.43
2023-09-26,Bursa,41.96,90.21,33.8,53.25
2023-09-27,Istanbul,35.63,39.35,12.6,39.12
2023-09-27,Ankara,48.97,69.43,34.5,39.65
2023-09-27,Izmir,44.33,35.17,35.0,42.31
2023-09-27,Bursa,8.58,72.29,27.6,30.18
2023-09-28,Istanbul,27.9,38.51,10.3,29.78
2023-09-28,Ankara,44.85,98.43,31.6,61.64
2023-09-28,Izmir,31.12,65.74,9.7,36.58
2023-09-28,Bursa,23.2,70.52,22.4,45.58
2023-09-29,Istanbul,39.39,67.23,6.2,50.87
2023-09-29,Ankara,14.3,58.38,31.8,32.7
2023-09-29,Izmir,52.85,88.31,20.2,60.33
2023-09-29,Bursa,41.22,46.9,23.5,40.12
2023-09-30,Istanbul,37.19,31.78,12.3,41.52
2023-09-30,Ankara,41.01,63.98,22.4,41.3
2023-09-30,Izmir,52.52,77.85,12.1,59.38
2023-09-30,Bursa,34.55,42.95,11.3,37.36
2023-10-01,Istanbul,18.45,47.21,28.1,25.97
2023-10-01,Ankara,33.12,64.04,27.3,43.26
2023-10-01,Izmir,24.77,80.51,26.9,51.61
2023-10-01,Bursa,30.41,53.5,19.5,34.04
2023-10-02,Istanbul,63.97,42.71,11.6,57.08
2023-10-02,Ankara,33.65,89.3,29.0,47.56
2023-10-02,Izmir,37.58,65.62,5.9,48.86
2023-10-02,Bursa,21.36,64.45,18.5,37.49
2023-10-03,Istanbul,35.84,90.58,17.2,54.7
2023-10-03,Ankara,37.96,75.19,15.6,53.46
2023-10-03,Izmir,51.78,67.91,21.4,53.06
2023-10-03,Bursa,35.35,83.8,21.3,51.1
2023-10-04,Istanbul,45.67,75.86,34.7,48.62
2023-10-04,Ankara,38.61,76.05,12.2,50.9
2023-10-04,Izmir,36.71,46.4,8.8,46.69
2023-10-04,Bursa,33.32,59.92,30.0,49.29
2023-10-05,Istanbul,33.11,45.8,12.4,39.83
2023-10-05,Ankara,25.95,60.66,7.6,37.93
2023-10-05,Izmir,32.69,58.79,7.5,41.12
2023-10-05,Bursa,28.37,57.4,20.8,33.34
2023-10-06,Istanbul,50.37,74.2,20.9,54.14
2023-10-06,Ankara,13.98,77.93,11.5,36.54
2023-10-06,Izmir,48.96,56.89,31.4,39.83
2023-10-06,Bursa,24.94,93.07,25.8,54.79
2023-10-07,Istanbul,25.61,71.49,22.0,39.19
2023-10-07,Ankara,32.78,84.19,29.4,37.71
2023-10-07,Izmir,31.88,84.23,33.4,37.26
2023-10-07,Bursa,40.62,74.7,8.9,53.98
2023-10-08,Istanbul,34.78,76.32,10.3,53.02
2023-10-08,Ankara,55.02,48.59,21.1,45.06
2023-10-08,Izmir,21.99,55.66,17.4,39.78
2023-10-08,Bursa,39.75,46.51,29.3,45.35
2023-10-09,Istanbul,41.61,55.44,25.1,46.5
2023-10-09,Ankara,36.39,81.08,17.7,53.59
2023-10-09,Izmir,50.33,73.49,8.0,59.46
2023-10-09,Bursa,40.68,65.55,17.5,51.32
2023-10-10,Istanbul,25.96,46.02,9.5,33.7
2023-10-10,Ankara,46.83,70.93,17.8,48.16
2023-10-10,Izmir,31.37,42.16,10.4,38.97
2023-10-10,Bursa,48.93,83.16,16.7,53.82
2023-10-11,Istanbul,44.25,65.33,14.3,46.91
2023-10-11,Ankara,28.68,86.52,16.6,46.24
2023-10-11,Izmir,13.01,37.27,29.0,15.0
2023-10-11,Bursa,31.62,103.45,15.8,52.7
2023-10-12,Istanbul,41.8,42.17,16.7,35.47
2023-10-12,Ankara,40.79,59.87,23.2,47.26
2023-10-12,Izmir,30.04,74.6,33.2,43.48
2023-10-12,Bursa,36.11,94.83,18.4,46.63
2023-10-13,Istanbul,22.98,89.41,5.9,37.55
2023-10-13,Ankara,42.05,102.04,9.2,70.27
2023-10-13,Izmir,42.51,89.32,34.0,40.74
2023-10-13,Bursa,51.03,95.8,34.4,57.42
2023-10-14,Istanbul,45.17,114.12,21.3,60.7
2023-10-14,Ankara,26.32,58.68,6.8,40.96
2023-10-14,Izmir,49.9,90.62,16.3,56.02
2023-10-14,Bursa,49.15,50.33,18.5,45.98
2023-10-15,Istanbul,21.76,27.89,25.9,20.58
2023-10-15,Ankara,53.59,50.35,16.7,53.69
2023-10-15,Izmir,35.18,50.81,22.6,34.48
2023-10-15,Bursa,28.26,100.41,25.2,47.01
2023-10-16,Istanbul,38.6,90.39,18.2,56.13
2023-10-16,Ankara,40.25,105.83,11.2,57.71
2023-10-16,Izmir,40.14,50.58,6.4,47.15
2023-10-16,Bursa,32.13,91.81,14.0,55.33
2023-10-17,Istanbul,34.75,64.59,15.6,49.84
2023-10-17,Ankara,41.97,88.2,12.0,56.96
2023-10-17,Izmir,33.03,61.2,20.4,44.7
2023-10-17,Bursa,47.73,94.85,8.0,58.93
2023-10-18,Istanbul,34.56,102.6,32.3,62.17
2023-10-18,Ankara,24.5,67.87,14.2,39.06
2023-10-18,Izmir,14.68,109.87,7.5,56.66
2023-10-18,Bursa,51.4,142.22,17.2,76.01
2023-10-19,Istanbul,31.05,49.97,33.0,39.36
2023-10-19,Ankara,41.19,67.62,20.7,50.32
2023-10-19,Izmir,32.88,80.01,26.3,48.73
2023-10-19,Bursa,58.51,51.41,11.1,46.04
2023-10-20,Istanbul,39.5,80.56,21.5,55.54
2023-10-20,Ankara,34.46,68.49,21.4,38.59
2023-10-20,Izmir,29.2,105.55,7.0,55.69
2023-10-20,Bursa,23.6,83.52,30.4,50.65
2023-10-21,Istanbul,33.67,36.56,21.6,36.89
2023-10-21,Ankara,24.11,70.93,30.9,34.48
2023-10-21,Izmir,19.09,49.42,26.9,25.31
2023-10-21,Bursa,28.46,59.2,33.9,29.99
2023-10-22,Istanbul,29.32,52.1,15.6,33.26
2023-10-22,Ankara,17.49,54.88,11.0,28.61
2023-10-22,Izmir,22.6,71.98,31.9,32.48
2023-10-22,Bursa,33.5,78.67,7.4,48.35
2023-10-23,Istanbul,37.08,64.86,30.0,46.2
2023-10-23,Ankara,39.78,45.41,14.8,37.31
2023-10-23,Izmir,27.84,71.5,23.5,35.87
2023-10-23,Bursa,34.69,42.76,32.5,34.77
2023-10-24,Istanbul,29.45,107.21,32.8,44.46
2023-10-24,Ankara,45.42,89.06,30.6,54.47
2023-10-24,Izmir,9.43,67.72,9.6,32.97
2023-10-24,Bursa,51.81,73.49,6.8,60.27
2023-10-25,Istanbul,32.04,61.24,21.5,35.21
2023-10-25,Ankara,35.61,92.69,30.8,51.24
2023-10-25,Izmir,34.58,108.24,9.1,60.62
2023-10-25,Bursa,45.63,61.7,21.0,43.82
2023-10-26,Istanbul,18.11,34.46,32.9,20.73
2023-10-26,Ankara,22.11,42.75,9.5,35.07
2023-10-26,Izmir,38.06,67.27,11.0,50.21
2023-10-26,Bursa,23.69,82.75,13.5,41.01
2023-10-27,Istanbul,41.71,58.75,9.1,44.89
2023-10-27,Ankara,31.36,84.78,30.2,47.08
2023-10-27,Izmir,29.67,84.8,17.0,51.68
2023-10-27,Bursa,35.75,47.77,15.4,44.76
2023-10-28,Istanbul,45.32,56.26,22.8,43.12
2023-10-28,Ankara,24.35,60.92,23.4,39.96
2023-10-28,Izmir,38.17,74.55,28.3,47.96
2023-10-28,Bursa,39.96,77.95,17.2,51.57
2023-10-29,Istanbul,48.0,84.31,33.1,49.9
2023-10-29,Ankara,54.6,131.74,33.1,67.41
2023-10-29,Izmir,23.91,27.09,8.9,23.31
2023-10-29,Bursa,37.63,82.04,32.0,58.46
2023-10-30,Istanbul,33.21,71.68,20.8,42.76
2023-10-30,Ankara,20.95,46.07,33.5,20.6
2023-10-30,Izmir,40.57,53.48,35.0,38.93
2023-10-30,Bursa,17.56,63.59,10.8,39.37
2023-10-31,Istanbul,43.36,62.49,16.8,45.81
2023-10-31,Ankara,39.53,47.34,34.4,45.33
2023-10-31,Izmir,31.93,53.98,30.8,32.94
2023-10-31,Bursa,37.43,23.18,29.8,22.01
2023-11-01,Istanbul,53.47,51.72,10.8,38.0
2023-11-01,Ankara,39.87,85.49,6.9,48.77
2023-11-01,Izmir,22.66,73.45,25.1,30.11
2023-11-01,Bursa,44.05,58.1,8.0,47.54
2023-11-02,Istanbul,46.89,74.8,25.1,47.95
2023-11-02,Ankara,44.48,82.0,20.9,56.34
2023-11-02,Izmir,17.46,53.63,30.7,35.9
2023-11-02,Bursa,24.98,78.28,22.5,36.71
2023-11-03,Istanbul,31.12,53.67,29.0,47.62
2023-11-03,Ankara,18.9,64.74,30.4,31.35
2023-11-03,Izmir,27.97,50.96,25.8,40.07
2023-11-03,Bursa,34.63,71.77,18.2,50.65
2023-11-04,Istanbul,32.52,39.71,25.8,31.73
2023-11-04,Ankara,44.91,93.39,21.6,54.13
2023-11-04,Izmir,28.36,97.0,13.6,56.76
2023-11-04,Bursa,41.35,85.55,22.2,51.57
2023-11-05,Istanbul,30.77,41.04,21.2,33.5
2023-11-05,Ankara,58.34,66.84,11.0,55.65
2023-11-05,Izmir,33.29,46.24,32.9,26.03
2023-11-05,Bursa,44.16,65.7,30.3,39.97
2023-11-06,Istanbul,26.73,78.81,14.7,53.25
2023-11-06,Ankara,31.25,34.28,17.9,17.3
2023-11-06,Izmir,30.21,67.3,12.5,48.53
2023-11-06,Bursa,55.56,64.32,11.0,53.68
2023-11-07,Istanbul,38.64,65.14,7.4,46.33
2023-11-07,Ankara,45.04,87.79,10.4,67.08
2023-11-07,Izmir,41.3,82.26,13.9,46.16
2023-11-07,Bursa,45.27,95.9,17.2,57.7
2023-11-08,Istanbul,45.41,79.08,33.7,48.08
2023-11-08,Ankara,16.81,82.35,24.0,33.68
2023-11-08,Izmir,34.66,110.2,26.0,57.84
2023-11-08,Bursa,46.75,90.65,24.6,46.96
2023-11-09,Istanbul,34.91,45.62,25.4,49.48
2023-11-09,Ankara,43.61,66.46,12.6,44.43
2023-11-09,Izmir,50.72,83.63,6.1,53.75
2023-11-09,Bursa,43.87,77.73,10.8,53.47
2023-11-10,Istanbul,33.33,62.74,7.1,56.03
2023-11-10,Ankara,32.1,35.17,16.4,36.64
2023-11-10,Izmir,31.29,49.76,31.6,36.86
2023-11-10,Bursa,46.89,54.68,8.4,51.42
2023-11-11,Istanbul,23.92,70.3,28.9,39.15
2023-11-11,Ankara,47.01,48.9,10.3,39.67
2023-11-11,Izmir,19.06,72.4,21.0,32.55
2023-11-11,Bursa,27.64,76.4,13.1,43.27
2023-11-12,Istanbul,38.75,64.05,12.4,47.08
2023-11-12,Ankara,17.02,79.08,24.1,36.79
2023-11-12,Izmir,36.6,136.69,5.5,75.79
2023-11-12,Bursa,48.68,59.42,15.7,57.44
2023-11-13,Istanbul,41.3,76.36,15.2,46.8
2023-11-13,Ankara,51.08,90.16,5.3,62.76
2023-11-13,Izmir,43.07,57.41,12.8,45.53
2023-11-13,Bursa,41.19,82.12,13.0,54.16
2023-11-14,Istanbul,33.45,38.63,26.8,27.19
2023-11-14,Ankara,36.58,59.1,12.6,30.41
2023-11-14,Izmir,37.52,44.07,27.8,35.64
2023-11-14,Bursa,17.03,85.9,27.1,42.64
2023-11-15,Istanbul,21.29,105.82,27.7,57.97
2023-11-15,Ankara,29.48,117.08,18.3,58.05
2023-11-15,Izmir,41.68,62.05,27.4,44.36
2023-11-15,Bursa,44.98,95.57,32.5,64.43
2023-11-16,Istanbul,31.32,78.27,10.1,40.3
2023-11-16,Ankara,24.67,66.47,6.9,38.73
2023-11-16,Izmir,37.55,90.09,19.8,54.88
2023-11-16,Bursa,27.61,32.22,24.5,29.64
2023-11-17,Istanbul,34.17,62.26,9.6,39.08
2023-11-17,Ankara,40.33,77.68,26.2,52.19
2023-11-17,Izmir,45.52,79.6,12.7,57.34
2023-11-17,Bursa,32.21,85.24,10.5,50.35
2023-11-18,Istanbul,47.12,73.81,12.7,53.81
2023-11-18,Ankara,38.55,46.04,31.2,33.99
2023-11-18,Izmir,40.66,100.23,22.4,58.08
2023-11-18,Bursa,38.7,88.07,30.7,61.38
2023-11-19,Istanbul,23.41,79.5,11.8,37.37
2023-11-19,Ankara,56.8,64.84,34.7,48.97
2023-11-19,Izmir,35.71,61.39,29.7,33.99
2023-11-19,Bursa,32.42,68.32,33.5,39.09
2023-11-20,Istanbul,34.61,58.01,24.9,34.07
2023-11-20,Ankara,53.01,85.55,7.5,65.25
2023-11-20,Izmir,32.15,64.22,9.4,45.65
2023-11-20,Bursa,27.15,75.96,33.3,43.43
2023-11-21,Istanbul,50.83,48.67,10.0,56.97
2023-11-21,Ankara,40.92,75.6,25.2,40.24
2023-11-21,Izmir,52.7,66.87,33.9,41.61
2023-11-21,Bursa,37.37,97.34,17.9,43.74
2023-11-22,Istanbul,35.96,67.16,32.0,42.01
2023-11-22,Ankara,28.47,90.5,14.8,56.6
2023-11-22,Izmir,58.02,38.84,15.5,47.39
2023-11-22,Bursa,20.45,113.94,17.5,53.31
2023-11-23,Istanbul,26.84,71.49,10.3,42.72
2023-11-23,Ankara,53.45,42.35,16.6,52.71
2023-11-23,Izmir,31.73,107.39,32.6,60.78
2023-11-23,Bursa,24.69,90.49,9.1,49.55
2023-11-24,Istanbul,33.11,67.59,18.6,54.4
2023-11-24,Ankara,40.48,75.43,6.5,44.81
2023-11-24,Izmir,41.47,82.89,23.1,41.82
2023-11-24,Bursa,22.99,51.41,7.3,39.95
2023-11-25,Istanbul,31.06,94.85,30.6,45.64
2023-11-25,Ankara,35.55,79.39,15.0,45.24
2023-11-25,Izmir,38.95,55.89,33.5,43.23
2023-11-25,Bursa,33.7,80.01,5.2,43.82
2023-11-26,Istanbul,16.85,55.81,11.8,33.88
2023-11-26,Ankara,20.4,47.28,18.0,28.49
2023-11-26,Izmir,32.65,84.17,31.5,45.89
2023-11-26,Bursa,40.04,36.14,6.3,38.93
2023-11-27,Istanbul,18.62,96.75,11.7,43.77
2023-11-27,Ankara,33.22,77.1,34.2,51.69
2023-11-27,Izmir,45.62,102.89,31.5,57.7
2023-11-27,Bursa,25.23,95.7,33.6,44.05
2023-11-28,Istanbul,35.36,87.07,16.5,47.44
2023-11-28,Ankara,36.83,81.87,13.4,46.3
2023-11-28,Izmir,30.65,75.56,29.9,45.0
2023-11-28,Bursa,44.84,49.81,31.7,38.23
2023-11-29,Istanbul,32.41,90.34,31.6,44.0
2023-11-29,Ankara,21.42,73.08,21.9,42.65
2023-11-29,Izmir,38.87,44.77,24.4,36.54
2023-11-29,Bursa,34.54,81.29,13.9,62.83
2023-11-30,Istanbul,31.22,44.05,6.5,42.96
2023-11-30,Ankara,27.2,79.41,10.4,41.57
2023-11-30,Izmir,34.11,50.87,9.2,42.64
2023-11-30,Bursa,44.58,77.99,30.1,53.56
2023-12-01,Istanbul,29.76,45.89,33.4,38.05
2023-12-01,Ankara,35.23,81.84,27.9,41.24
2023-12-01,Izmir,43.58,99.67,34.2,50.18
2023-12-01,Bursa,26.81,84.78,29.0,45.94
2023-12-02,Istanbul,25.85,86.35,12.3,47.74
2023-12-02,Ankara,27.03,81.68,33.1,43.22
2023-12-02,Izmir,34.64,50.69,9.3,41.74
2023-12-02,Bursa,42.62,84.31,27.1,59.31
2023-12-03,Istanbul,33.58,84.75,5.6,52.44
2023-12-03,Ankara,38.39,58.54,27.7,38.99
2023-12-03,Izmir,23.41,74.84,29.3,37.88
2023-12-03,Bursa,33.84,75.69,29.2,55.79
2023-12-04,Istanbul,45.81,85.56,22.7,50.49
2023-12-04,Ankara,43.39,85.89,11.2,56.05
2023-12-04,Izmir,48.35,84.27,6.8,62.86
2023-12-04,Bursa,19.46,41.25,14.5,31.25
2023-12-05,Istanbul,34.68,70.15,29.7,52.49
2023-12-05,Ankara,12.72,57.7,26.6,35.2
2023-12-05,Izmir,45.8,38.62,13.4,37.74
2023-12-05,Bursa,31.98,60.24,25.5,39.64
2023-12-06,Istanbul,38.18,61.55,12.5,53.31
2023-12-06,Ankara,18.28,41.4,16.8,33.65
2023-12-06,Izmir,42.46,86.16,26.2,54.93
2023-12-06,Bursa,18.76,54.57,23.0,34.59
2023-12-07,Istanbul,24.32,81.83,9.7,38.94
2023-12-07,Ankara,33.35,66.46,11.9,51.33
2023-12-07,Izmir,23.86,35.01,25.8,29.89
2023-12-07,Bursa,30.31,56.31,31.8,37.57
2023-12-08,Istanbul,49.14,47.39,15.5,46.25
2023-12-08,Ankara,33.61,60.74,9.6,38.08
2023-12-08,Izmir,41.92,63.39,20.0,43.35
2023-12-08,Bursa,36.73,67.93,16.5,43.3
2023-12-09,Istanbul,35.15,73.45,16.4,47.25
2023-12-09,Ankara,48.66,33.15,29.2,34.56
2023-12-09,Izmir,27.26,80.59,34.0,41.81
2023-12-09,Bursa,40.46,40.25,28.4,37.35
2023-12-10,Istanbul,49.47,73.29,20.1,51.37
2023-12-10,Ankara,32.81,106.89,14.2,55.68
2023-12-10,Izmir,45.19,73.61,22.6,48.59
2023-12-10,Bursa,39.63,79.65,31.7,55.14
2023-12-11,Istanbul,38.37,71.96,8.9,53.42
2023-12-11,Ankara,20.47,82.66,34.0,38.16
2023-12-11,Izmir,24.99,60.01,18.0,40.31
2023-12-11,Bursa,44.05,45.47,20.4,43.46
2023-12-12,Istanbul,27.31,69.72,32.6,35.74
2023-12-12,Ankara,36.34,91.36,15.7,51.25
2023-12-12,Izmir,34.22,103.98,9.9,50.34
2023-12-12,Bursa,33.39,45.06,30.2,41.3
2023-12-13,Istanbul,39.96,79.15,30.6,45.0
2023-12-13,Ankara,40.67,79.58,9.5,54.89
2023-12-13,Izmir,25.37,68.58,32.0,32.77
2023-12-13,Bursa,35.35,97.82,22.0,46.37
2023-12-14,Istanbul,32.17,56.26,33.3,42.01
2023-12-14,Ankara,38.01,107.55,29.2,48.9
2023-12-14,Izmir,31.1,67.85,24.5,44.87
2023-12-14,Bursa,33.23,86.61,8.5,55.84
2023-12-15,Istanbul,31.47,76.83,11.2,43.52
2023-12-15,Ankara,20.63,33.74,19.7,32.56
2023-12-15,Izmir,27.83,94.52,33.4,45.23
2023-12-15,Bursa,32.73,56.97,10.5,29.85
2023-12-16,Istanbul,37.04,79.51,21.4,45.71
2023-12-16,Ankara,32.81,64.72,33.2,39.42
2023-12-16,Izmir,38.69,74.2,9.9,45.85
2023-12-16,Bursa,34.74,66.01,25.6,36.45
2023-12-17,Istanbul,34.55,80.24,20.0,50.0
2023-12-17,Ankara,26.28,63.07,31.8,29.48
2023-12-17,Izmir,40.55,74.49,31.4,41.53
2023-12-17,Bursa,31.02,88.31,32.0,46.38
2023-12-18,Istanbul,39.58,45.81,8.7,46.1
2023-12-18,Ankara,38.74,58.9,12.0,53.73
2023-12-18,Izmir,26.18,89.55,25.7,40.48
2023-12-18,Bursa,30.12,79.95,33.0,43.58
2023-12-19,Istanbul,40.15,45.76,33.9,37.6
2023-12-19,Ankara,28.21,93.12,30.8,47.16
2023-12-19,Izmir,20.09,56.88,10.1,38.39
2023-12-19,Bursa,30.86,82.47,10.5,47.27
2023-12-20,Istanbul,28.14,71.1,33.0,44.99
2023-12-20,Ankara,38.88,78.66,6.0,49.43
2023-12-20,Izmir,29.26,52.03,24.0,38.75
2023-12-20,Bursa,31.53,88.97,27.7,50.46
2023-12-21,Istanbul,30.35,28.45,21.4,25.77
2023-12-21,Ankara,39.88,72.06,29.1,49.34
2023-12-21,Izmir,45.42,82.78,32.5,49.24
2023-12-21,Bursa,55.83,70.05,19.3,59.13
2023-12-22,Istanbul,34.55,61.28,10.2,36.86
2023-12-22,Ankara,33.72,119.6,8.0,68.91
2023-12-22,Izmir,34.61,50.87,11.5,33.74
2023-12-22,Bursa,21.18,54.24,33.5,24.59
2023-12-23,Istanbul,31.11,63.29,18.0,37.39
2023-12-23,Ankara,29.53,71.28,30.0,40.1
2023-12-23,Izmir,14.4,75.1,14.4,35.34
2023-12-23,Bursa,30.58,64.35,13.0,41.55
2023-12-24,Istanbul,44.37,88.11,13.2,55.48
2023-12-24,Ankara,45.29,55.0,9.4,51.26
2023-12-24,Izmir,30.8,73.18,7.1,41.22
2023-12-24,Bursa,31.81,38.46,30.4,27.78
2023-12-25,Istanbul,44.21,82.25,33.1,54.26
2023-12-25,Ankara,54.63,50.48,26.8,39.19
2023-12-25,Izmir,52.93,27.24,20.8,40.4
2023-12-25,Bursa,58.85,53.25,27.3,46.81
2023-12-26,Istanbul,21.96,35.73,10.1,31.02
2023-12-26,Ankara,41.58,64.36,33.3,49.64
2023-12-26,Izmir,32.95,59.38,10.8,40.56
2023-12-26,Bursa,27.94,48.41,29.1,31.64
2023-12-27,Istanbul,34.31,61.09,7.9,33.48
2023-12-27,Ankara,35.21,68.47,8.4,44.38
2023-12-27,Izmir,27.84,74.27,13.2,44.8
2023-12-27,Bursa,17.54,34.09,30.2,26.75
2023-12-28,Istanbul,48.05,72.21,13.4,61.72
2023-12-28,Ankara,27.06,21.1,5.4,33.65
2023-12-28,Izmir,56.72,79.97,25.3,54.14
2023-12-28,Bursa,43.3,69.34,21.4,44.61
2023-12-29,Istanbul,33.08,70.98,24.0,38.37
2023-12-29,Ankara,35.98,48.8,14.8,44.26
2023-12-29,Izmir,35.36,27.47,32.5,31.5
2023-12-29,Bursa,57.52,58.79,29.4,43.48
2023-12-30,Istanbul,39.52,66.59,10.8,41.59
2023-12-30,Ankara,29.43,89.23,24.4,49.9
2023-12-30,Izmir,43.31,72.02,8.4,59.12
2023-12-30,Bursa,32.45,92.85,19.0,54.18
2023-12-31,Istanbul,35.23,63.02,23.2,46.39
2023-12-31,Ankara,45.3,47.77,8.4,44.05
2023-12-31,Izmir,37.29,64.74,30.9,52.19
2023-12-31,Bursa,20.38,89.41,26.1,36.89
